{"mean":{"confidence_interval":{"confidence_level":0.95,"lower_bound":0.017809767415990795,"upper_bound":0.018596277646112186},"point_estimate":0.018179551543781345,"standard_error":0},"median":{"confidence_interval":{"confidence_level":0.95,"lower_bound":0,"upper_bound":0},"point_estimate":0.017356808017534177,"standard_error":0},"median_abs_dev":{"confidence_interval":{"confidence_level":0.95,"lower_bound":0.02538600987865976,"upper_bound":0.026060208886591066},"point_estimate":0.0006620593369586268,"standard_error":0},"std_dev":{"confidence_interval":{"confidence_level":0.95,"lower_bound":0.0014138923301468685,"upper_bound":0.0025469539865717815},"point_estimate":0.002016047800323901,"standard_error":0},"slope":{"confidence_interval":{"confidence_level":0.95,"lower_bound":0.017692179321692442,"upper_bound":0.018450648327066985},"point_estimate":0.018056083247990292,"standard_error":0}}