{"iters":[52,104,156,208,260,312,364,416,468,520,572,624,676,728,780,832,884,936,988,1040,1092,1144,1196,1248,1300,1352,1404,1456,1508,1560,1612,1664,1716,1768,1820,1872,1924,1976,2028,2080,2132,2184,2236,2288,2340,2392,2444,2496,2548,2600,2652,2704,2756,2808,2860,2912,2964,3016,3068,3120,3172,3224,3276,3328,3380,3432,3484,3536,3588,3640,3692,3744,3796,3848,3900,3952,4004,4056,4108,4160,4212,4264,4316,4368,4420,4472,4524,4576,4628,4680,4732,4784,4836,4888,4940,4992,5044,5096,5148,5200],"times":[0.9590999996289611,1.7599999997764826,2.7787999995052814,3.559800000861287,4.650500000454485,5.592600000090897,6.364799999631941,7.087899999693036,7.87529999949038,14.393698999658227,12.143600000068545,10.776700000278652,11.432699999772012,12.240699999965727,13.452200000174344,14.758399999700487,21.71570000052452,15.876600000075996,23.814898999407887,25.124099999666214,18.80159999988973,19.876000000163913,20.19289999920875,25.053899999707937,28.566898999735713,28.242499999701977,23.56469999998808,24.78969999961555,26.239599999971688,26.749299000017345,30.380900000222027,30.184700000099838,30.462000000290573,30.80789899919182,31.6343999998644,32.03969999961555,32.68660000059754,34.74540000036359,35.15589900035411,40.904099999926984,40.47789999935776,37.13049899972975,38.771099999547005,39.31419999990612,39.52169899921864,40.45689999964088,41.78280000016093,42.47510000038892,44.770999000407755,44.8390000006184,45.143199999816716,45.51419899985194,46.970900000073016,51.02450000029057,48.19409999996424,49.4242000002414,50.11600000038743,51.03750000055879,52.46169999986887,52.89689899981022,54.24139999970794,54.092699999921024,63.64939999952912,62.1515000006184,81.6386000001803,59.96279999986291,58.66899999976158,61.56390000041574,69.24889899976552,83.56279999949038,63.09420000016689,71.3031000001356,64.99749999959022,68.92040000017732,74.59210000000894,69.39239900000393,75.79949999973178,74.55329999979585,70.59910000022501,71.14229999948293,76.29039999935776,91.13540000002831,80.00449900049716,85.9375,75.06030000001192,75.44680000003427,76.2289999993518,77.14240000024438,78.72009900026023,78.47209999989718,80.18809999991208,81.26119999960065,86.26979999989271,82.8296999996528,91.59590000007302,87.73729899991304,88.80260000005364,103.48529999982566,102.80420000012964,101.26620000042021]}