{"mean":{"confidence_interval":{"confidence_level":0.95,"lower_bound":0.006457875438418228,"upper_bound":0.0065655005999434276},"point_estimate":0.006506762837066996,"standard_error":0},"median":{"confidence_interval":{"confidence_level":0.95,"lower_bound":0,"upper_bound":0},"point_estimate":0.00644237713686302,"standard_error":0},"median_abs_dev":{"confidence_interval":{"confidence_level":0.95,"lower_bound":0.009489210726435772,"upper_bound":0.009602415579391553},"point_estimate":0.00012235436946263396,"standard_error":0},"std_dev":{"confidence_interval":{"confidence_level":0.95,"lower_bound":0.00014663248945530745,"upper_bound":0.00038229417977541356},"point_estimate":0.00027726133518503164,"standard_error":0},"slope":{"confidence_interval":{"confidence_level":0.95,"lower_bound":0.006437682145932445,"upper_bound":0.006496680889748511},"point_estimate":0.006465529097293731,"standard_error":0}}