{"iters":[130,260,390,520,650,780,910,1040,1170,1300,1430,1560,1690,1820,1950,2080,2210,2340,2470,2600,2730,2860,2990,3120,3250,3380,3510,3640,3770,3900,4030,4160,4290,4420,4550,4680,4810,4940,5070,5200,5330,5460,5590,5720,5850,5980,6110,6240,6370,6500,6630,6760,6890,7020,7150,7280,7410,7540,7670,7800,7930,8060,8190,8320,8450,8580,8710,8840,8970,9100,9230,9360,9490,9620,9750,9880,10010,10140,10270,10400,10530,10660,10790,10920,11050,11180,11310,11440,11570,11700,11830,11960,12090,12220,12350,12480,12610,12740,12870,13000],"times":[0.851800000295043,2.056499999947846,2.5137999998405576,3.3805999998003244,4.138099999167025,5.199399999342859,5.778699999675155,6.563701000064611,7.992099999450147,8.502799999900162,10.599799999967217,10.309701000340283,11.25859999936074,11.614000000059605,12.382600999437273,14.03359999973327,14.200000999495387,15.082600000314415,15.755501000210643,16.498399999924004,17.263300999999046,18.327500000596046,19.316300999373198,20.09030000027269,20.66840099915862,21.310800000093877,23.409001000225544,23.04860100056976,27.894801000133157,25.139899999834597,25.759700999595225,26.825101000256836,27.481501000002027,27.696399999782443,29.03120100032538,30.324001000262797,30.371700999327004,39.83500100020319,32.523000999353826,33.06310100015253,35.580301000736654,34.71910100057721,35.83420099969953,36.525301000103354,37.85670099966228,38.274301999248564,39.50230100005865,39.66530099976808,40.65700099989772,42.903501000255346,42.139601999893785,44.132601000368595,43.75970100052655,44.62850099988282,45.09220200031996,47.491701000370085,48.47830200009048,48.62630099989474,49.075501000508666,49.351002000272274,50.45900100003928,54.71020200010389,53.857102000154555,53.4225009996444,53.83150199986994,58.427701000124216,56.88080199994147,58.673201999627054,58.92710100021213,59.29900199919939,60.334702000021935,61.28100199997425,61.50170200038701,63.52430099993944,63.2316020000726,62.954301999881864,63.34670200012624,65.9813019996509,67.85900200065225,67.35810200031847,69.42890200018883,68.81770200002939,69.3126019993797,69.45330199971795,70.18510199990124,71.60780199989676,72.10680200066417,72.95270200073719,75.87210300005972,74.54390199948102,77.04810200072825,76.36740200035274,77.2093019997701,77.4443029994145,77.83890200033784,81.29720200039446,81.9971029991284,82.75540199968964,83.83720299974084,82.99870199989527]}