{"mean":{"confidence_interval":{"confidence_level":0.95,"lower_bound":0.02131852305685303,"upper_bound":0.022045461402727756},"point_estimate":0.021646935131547293,"standard_error":0},"median":{"confidence_interval":{"confidence_level":0.95,"lower_bound":0,"upper_bound":0},"point_estimate":0.021104391072191572,"standard_error":0},"median_abs_dev":{"confidence_interval":{"confidence_level":0.95,"lower_bound":0.031174338723338607,"upper_bound":0.031481022567039524},"point_estimate":0.0003980464201698734,"standard_error":0},"std_dev":{"confidence_interval":{"confidence_level":0.95,"lower_bound":0.0009539037774783017,"upper_bound":0.0025532510750453947},"point_estimate":0.0018593445148471447,"standard_error":0},"slope":{"confidence_interval":{"confidence_level":0.95,"lower_bound":0.021153201666011257,"upper_bound":0.021675542454405613},"point_estimate":0.021379995047914057,"standard_error":0}}