{"iters":[42,84,126,168,210,252,294,336,378,420,462,504,546,588,630,672,714,756,798,840,882,924,966,1008,1050,1092,1134,1176,1218,1260,1302,1344,1386,1428,1470,1512,1554,1596,1638,1680,1722,1764,1806,1848,1890,1932,1974,2016,2058,2100,2142,2184,2226,2268,2310,2352,2394,2436,2478,2520,2562,2604,2646,2688,2730,2772,2814,2856,2898,2940,2982,3024,3066,3108,3150,3192,3234,3276,3318,3360,3402,3444,3486,3528,3570,3612,3654,3696,3738,3780,3822,3864,3906,3948,3990,4032,4074,4116,4158,4200],"times":[1.1321000000461936,1.8105999995023012,2.9611999997869134,5.187800999730825,6.63980000000447,7.382900000549853,6.541799999773502,7.266700000502169,8.248199999332428,8.91220000013709,9.697600000537932,10.353500999510288,12.085100000724196,12.382000000216067,13.182599999941885,14.126199999824166,15.2010009996593,15.758600000292063,16.4867000002414,17.280801000073552,18.447800000198185,19.582899999804795,20.391400000080466,21.04350099992007,22.30020000040531,22.466700999997556,23.41440000012517,24.737599999643862,25.699400999583304,26.821800000034273,27.593201000243425,28.311099999584258,29.20060099940747,30.911199999973178,30.909401000477374,31.039099999703467,33.24950100015849,36.05999999959022,35.00850099977106,35.014000000432134,35.76250100042671,41.37840100005269,37.90099999960512,39.55640099942684,41.33330100029707,40.69859999977052,41.26490100007504,43.397700999863446,43.57219999935478,43.33320100046694,48.42400099989027,47.03890100028366,46.63560099992901,46.65280000027269,47.526101000607014,57.07220100052655,51.228001000359654,50.95860099978745,53.642401000484824,52.5061000008136,54.100101000629365,54.31350100040436,55.19940100051463,56.99480099976063,57.224301000125706,59.210100999101996,59.245001999661326,62.96920100040734,61.31970200035721,61.13880200032145,61.37340100016445,62.901101999916136,63.66730200033635,64.03340099938214,67.21750199981034,67.44150200020522,68.73680100031197,69.61000199988484,69.59580199979246,69.91290200036019,70.77630199957639,71.48310200031847,77.0839020004496,73.94850200042129,77.98850199952722,75.6841010004282,76.11880199983716,78.47960299998522,80.02280199993402,84.40780200064182,79.75010200031102,82.5671020001173,100.24040300026536,82.9246020000428,83.32390199974179,88.75320200063288,85.90770199988037,87.71770299971104,87.49440199974924,95.48470200039446]}